{"options":{"summaryTrendStats":["avg","min","med","max","p(90)","p(95)"],"summaryTimeUnit":"","noColor":false},"state":{"isStdOutTTY":true,"isStdErrTTY":true,"testRunDurationMs":30439.521},"metrics":{"http_req_duration{expected_response:true}":{"type":"trend","contains":"time","values":{"p(90)":250.476,"p(95)":314.52224999999993,"avg":159.78980563234308,"min":20.54,"med":153.27550000000002,"max":1521.72}},"http_req_failed":{"type":"rate","contains":"default","values":{"rate":0,"passes":0,"fails":11576}},"data_sent":{"contains":"data","values":{"count":2055612,"rate":67531.02323784925},"type":"counter"},"http_req_duration":{"type":"trend","contains":"time","values":{"med":153.27550000000002,"max":1521.72,"p(90)":250.476,"p(95)":314.52224999999993,"avg":159.78980563234308,"min":20.54}},"http_req_tls_handshaking":{"type":"trend","contains":"time","values":{"avg":0.844230822391154,"min":0,"med":0,"max":171.713,"p(90)":0,"p(95)":0}},"http_req_receiving":{"type":"trend","contains":"time","values":{"min":0.045,"med":81.4315,"max":1340.826,"p(90)":159.43300000000002,"p(95)":201.5459999999999,"avg":79.34462664132693}},"data_received":{"contains":"data","values":{"count":406981252,"rate":13370159.537004542},"type":"counter"},"http_req_blocked":{"contains":"time","values":{"max":202.674,"p(90)":0.001,"p(95)":0.001,"avg":1.12473272287501,"min":0,"med":0},"type":"trend"},"http_req_sending":{"type":"trend","contains":"time","values":{"p(90)":0.099,"p(95)":0.131,"avg":0.06813139253628103,"min":0.008,"med":0.046,"max":18}},"checks":{"type":"rate","contains":"default","values":{"rate":1,"passes":11576,"fails":0}},"http_req_connecting":{"values":{"p(95)":0,"avg":0.12032031789910162,"min":0,"med":0,"max":16.038,"p(90)":0},"type":"trend","contains":"time"},"iteration_duration":{"type":"trend","contains":"time","values":{"avg":261.37003636152474,"min":120.879083,"med":254.534688,"max":1622.093084,"p(90)":353.132333,"p(95)":415.5448649999999}},"iterations":{"values":{"count":11576,"rate":380.29507757365826},"type":"counter","contains":"default"},"vus_max":{"type":"gauge","contains":"default","values":{"value":100,"min":100,"max":100}},"http_req_waiting":{"type":"trend","contains":"time","values":{"min":13.937,"med":69.42150000000001,"max":796.531,"p(90)":122.64350000000003,"p(95)":158.51399999999992,"avg":80.3770475984797}},"http_reqs":{"type":"counter","contains":"default","values":{"count":11576,"rate":380.29507757365826}},"vus":{"contains":"default","values":{"value":100,"min":100,"max":100},"type":"gauge"}},"root_group":{"name":"","path":"","id":"d41d8cd98f00b204e9800998ecf8427e","groups":[],"checks":[{"passes":11576,"fails":0,"name":"Target status 200","path":"::Target status 200","id":"190508876eb0e214b50b0ad20da9b8c3"}]}}